{
  "Horizontal Spacing" : 1,
  "Tags" : [

  ],
  "Ansi 12 Color" : {
    "Red Component" : 0.51372549019607838,
    "Color Space" : "sRGB",
    "Blue Component" : 0.59607843137254901,
    "Alpha Component" : 1,
    "Green Component" : 0.6470588235294118
  },
  "Ansi 7 Color" : {
    "Red Component" : 0.6588235294117647,
    "Color Space" : "sRGB",
    "Blue Component" : 0.51764705882352946,
    "Alpha Component" : 1,
    "Green Component" : 0.59999999999999998
  },
  "Ansi 8 Color" : {
    "Red Component" : 0.5725490196078431,
    "Color Space" : "sRGB",
    "Blue Component" : 0.45490196078431372,
    "Alpha Component" : 1,
    "Green Component" : 0.51372549019607838
  },
  "Bold Color" : {
    "Green Component" : 1,
    "Blue Component" : 1,
    "Red Component" : 1
  },
  "Ansi 9 Color" : {
    "Red Component" : 0.98431372549019602,
    "Color Space" : "sRGB",
    "Blue Component" : 0.20392156862745098,
    "Alpha Component" : 1,
    "Green Component" : 0.28627450980392155
  },
  "Ansi 4 Color" : {
    "Red Component" : 0.27058823529411763,
    "Color Space" : "sRGB",
    "Blue Component" : 0.53333333333333333,
    "Alpha Component" : 1,
    "Green Component" : 0.52156862745098043
  },
  "Ansi 5 Color" : {
    "Red Component" : 0.69411764705882351,
    "Color Space" : "sRGB",
    "Blue Component" : 0.52549019607843139,
    "Alpha Component" : 1,
    "Green Component" : 0.3843137254901961
  },
  "Rows" : 36,
  "Default Bookmark" : "No",
  "Cursor Guide Color" : {
    "Red Component" : 0.70214027166366577,
    "Color Space" : "sRGB",
    "Blue Component" : 1,
    "Alpha Component" : 0.25,
    "Green Component" : 0.92681378126144409
  },
  "Non-ASCII Anti Aliased" : true,
  "Use Bright Bold" : true,
  "Ansi 10 Color" : {
    "Red Component" : 0.72156862745098038,
    "Color Space" : "sRGB",
    "Blue Component" : 0.14901960784313725,
    "Alpha Component" : 1,
    "Green Component" : 0.73333333333333328
  },
  "Ambiguous Double Width" : false,
  "Jobs to Ignore" : [
    "rlogin",
    "ssh",
    "slogin",
    "telnet"
  ],
  "Ansi 15 Color" : {
    "Red Component" : 0.92156862745098034,
    "Color Space" : "sRGB",
    "Blue Component" : 0.69803921568627447,
    "Alpha Component" : 1,
    "Green Component" : 0.85882352941176465
  },
  "Foreground Color" : {
    "Red Component" : 0.98431372549019602,
    "Color Space" : "sRGB",
    "Blue Component" : 0.7803921568627451,
    "Alpha Component" : 1,
    "Green Component" : 0.94509803921568625
  },
  "Working Directory" : "\/Users\/hbthen3rd",
  "Blinking Cursor" : true,
  "Disable Window Resizing" : true,
  "Sync Title" : false,
  "Prompt Before Closing 2" : false,
  "BM Growl" : true,
  "Command" : "",
  "Description" : "Default",
  "Mouse Reporting" : true,
  "Screen" : -1,
  "Selection Color" : {
    "Green Component" : 0.8353000283241272,
    "Blue Component" : 1,
    "Red Component" : 0.70980000495910645
  },
  "Columns" : 120,
  "Idle Code" : 0,
  "Ansi 13 Color" : {
    "Red Component" : 0.82745098039215681,
    "Color Space" : "sRGB",
    "Blue Component" : 0.60784313725490191,
    "Alpha Component" : 1,
    "Green Component" : 0.52549019607843139
  },
  "Custom Command" : "No",
  "ASCII Anti Aliased" : true,
  "Non Ascii Font" : "Monaco 12",
  "Vertical Spacing" : 1,
  "Use Bold Font" : true,
  "Option Key Sends" : 0,
  "Selected Text Color" : {
    "Green Component" : 0,
    "Blue Component" : 0,
    "Red Component" : 0
  },
  "Background Color" : {
    "Red Component" : 0.11372549019607843,
    "Color Space" : "sRGB",
    "Blue Component" : 0.12941176470588237,
    "Alpha Component" : 1,
    "Green Component" : 0.12549019607843137
  },
  "Character Encoding" : 4,
  "Ansi 11 Color" : {
    "Red Component" : 0.98039215686274506,
    "Color Space" : "sRGB",
    "Blue Component" : 0.18431372549019609,
    "Alpha Component" : 1,
    "Green Component" : 0.74117647058823533
  },
  "Use Italic Font" : true,
  "Unlimited Scrollback" : false,
  "Keyboard Map" : {
    "0xf700-0x260000" : {
      "Text" : "[1;6A",
      "Action" : 10
    },
    "0x37-0x40000" : {
      "Text" : "0x1f",
      "Action" : 11
    },
    "0x32-0x40000" : {
      "Text" : "0x00",
      "Action" : 11
    },
    "0xf709-0x20000" : {
      "Text" : "[17;2~",
      "Action" : 10
    },
    "0xf70c-0x20000" : {
      "Text" : "[20;2~",
      "Action" : 10
    },
    "0xf729-0x20000" : {
      "Text" : "[1;2H",
      "Action" : 10
    },
    "0xf72b-0x40000" : {
      "Text" : "[1;5F",
      "Action" : 10
    },
    "0xf705-0x20000" : {
      "Text" : "[1;2Q",
      "Action" : 10
    },
    "0xf703-0x260000" : {
      "Text" : "[1;6C",
      "Action" : 10
    },
    "0xf700-0x220000" : {
      "Text" : "[1;2A",
      "Action" : 10
    },
    "0xf701-0x280000" : {
      "Text" : "0x1b 0x1b 0x5b 0x42",
      "Action" : 11
    },
    "0x38-0x40000" : {
      "Text" : "0x7f",
      "Action" : 11
    },
    "0x33-0x40000" : {
      "Text" : "0x1b",
      "Action" : 11
    },
    "0xf703-0x220000" : {
      "Text" : "[1;2C",
      "Action" : 10
    },
    "0xf701-0x240000" : {
      "Text" : "[1;5B",
      "Action" : 10
    },
    "0xf70d-0x20000" : {
      "Text" : "[21;2~",
      "Action" : 10
    },
    "0xf702-0x260000" : {
      "Text" : "[1;6D",
      "Action" : 10
    },
    "0xf729-0x40000" : {
      "Text" : "[1;5H",
      "Action" : 10
    },
    "0xf706-0x20000" : {
      "Text" : "[1;2R",
      "Action" : 10
    },
    "0x34-0x40000" : {
      "Text" : "0x1c",
      "Action" : 11
    },
    "0xf700-0x280000" : {
      "Text" : "0x1b 0x1b 0x5b 0x41",
      "Action" : 11
    },
    "0x2d-0x40000" : {
      "Text" : "0x1f",
      "Action" : 11
    },
    "0xf70e-0x20000" : {
      "Text" : "[23;2~",
      "Action" : 10
    },
    "0xf702-0x220000" : {
      "Text" : "[1;2D",
      "Action" : 10
    },
    "0xf703-0x280000" : {
      "Text" : "0x1b 0x1b 0x5b 0x43",
      "Action" : 11
    },
    "0xf700-0x240000" : {
      "Text" : "[1;5A",
      "Action" : 10
    },
    "0xf707-0x20000" : {
      "Text" : "[1;2S",
      "Action" : 10
    },
    "0xf70a-0x20000" : {
      "Text" : "[18;2~",
      "Action" : 10
    },
    "0x35-0x40000" : {
      "Text" : "0x1d",
      "Action" : 11
    },
    "0xf70f-0x20000" : {
      "Text" : "[24;2~",
      "Action" : 10
    },
    "0xf703-0x240000" : {
      "Text" : "[1;5C",
      "Action" : 10
    },
    "0xf701-0x260000" : {
      "Text" : "[1;6B",
      "Action" : 10
    },
    "0xf702-0x280000" : {
      "Text" : "0x1b 0x1b 0x5b 0x44",
      "Action" : 11
    },
    "0xf72b-0x20000" : {
      "Text" : "[1;2F",
      "Action" : 10
    },
    "0x36-0x40000" : {
      "Text" : "0x1e",
      "Action" : 11
    },
    "0xf708-0x20000" : {
      "Text" : "[15;2~",
      "Action" : 10
    },
    "0xf701-0x220000" : {
      "Text" : "[1;2B",
      "Action" : 10
    },
    "0xf70b-0x20000" : {
      "Text" : "[19;2~",
      "Action" : 10
    },
    "0xf702-0x240000" : {
      "Text" : "[1;5D",
      "Action" : 10
    },
    "0xf704-0x20000" : {
      "Text" : "[1;2P",
      "Action" : 10
    }
  },
  "Window Type" : 12,
  "Blur Radius" : 16.388829787234041,
  "Cursor Type" : 1,
  "Background Image Location" : "",
  "Blur" : true,
  "Badge Color" : {
    "Red Component" : 1,
    "Color Space" : "sRGB",
    "Blue Component" : 0,
    "Alpha Component" : 0.5,
    "Green Component" : 0.14910030364990234
  },
  "Scrollback Lines" : 1000,
  "Send Code When Idle" : false,
  "Close Sessions On End" : true,
  "Terminal Type" : "xterm-256color",
  "Visual Bell" : true,
  "Flashing Bell" : false,
  "Silence Bell" : false,
  "Ansi 14 Color" : {
    "Red Component" : 0.55686274509803924,
    "Color Space" : "sRGB",
    "Blue Component" : 0.48627450980392156,
    "Alpha Component" : 1,
    "Green Component" : 0.75294117647058822
  },
  "Name" : "Default",
  "Cursor Text Color" : {
    "Green Component" : 1,
    "Blue Component" : 1,
    "Red Component" : 1
  },
  "Shortcut" : "",